ID,Title,Date,Author,Tags,Categories
956,思源派发布文章已经无需审核,Fri Jul 26 2024 23:47:09 GMT+0000 (Coordinated Universal Time),HAN,,CSS
954,思源版 Dataview.js 的愿景,Fri Jul 26 2024 21:04:38 GMT+0000 (Coordinated Universal Time),tempaccount,插件开发,内测
936,思源 Chart 萌新使用指南,Thu Jul 25 2024 19:32:39 GMT+0000 (Coordinated Universal Time),wilson,"chart,echarts,小白,萌新",教程
926,js 片段实现目录树自动展开,Wed Jul 24 2024 12:46:53 GMT+0000 (Coordinated Universal Time),wilson,"代码片段,思源,插件",JS
869,常用的思源笔记插件分享（2024）,Mon Jul 22 2024 23:46:29 GMT+0000 (Coordinated Universal Time),墨竹,思源笔记/插件使用,教程
867,分享两个好用的代码片段,Mon Jul 22 2024 22:33:36 GMT+0000 (Coordinated Universal Time),Ember_Sky,,CSS
860,测试思源派发布 - 使用发布工具,Mon Jul 22 2024 18:11:46 GMT+0000 (Coordinated Universal Time),frostime,,未分类
851,思源派现在支持全站资讯RSS订阅,Sun Jul 21 2024 20:07:18 GMT+0000 (Coordinated Universal Time),HAN,,新闻
832,思源派现在支持通过插件「发布工具」来一键发布文章,Sun Jul 21 2024 18:05:00 GMT+0000 (Coordinated Universal Time),HAN,,新闻
821,思源插件开发 | 如何确保开发样式在PDF导出中同样生效,Sun Jul 21 2024 16:21:31 GMT+0000 (Coordinated Universal Time),frostime,插件开发,开发
801,UFUID芯片丝印拆解,Sat Jul 20 2024 21:35:34 GMT+0000 (Coordinated Universal Time),zxkmm,,开发
799,aws s3 &amp; cloudflare R2 等等对象存储桶清空数据,Sat Jul 20 2024 21:32:42 GMT+0000 (Coordinated Universal Time),zxkmm,,开发
798,测试思源派发布 API,Sat Jul 20 2024 21:22:52 GMT+0000 (Coordinated Universal Time),frostime,测试,内测
786,DevTools 复制CSS代码需要注意的两个小细节,Sat Jul 20 2024 18:35:15 GMT+0000 (Coordinated Universal Time),soltus,Sillot,CSS
756,如何一键复制之前自己在链滴中的所有帖子到思源派,Sat Jul 20 2024 02:26:40 GMT+0000 (Coordinated Universal Time),HAN,,新闻
206,js代码片段：右开tab并同步当前位置,Fri Jul 19 2024 22:17:01 GMT+0000 (Coordinated Universal Time),烟火,"quicker,sy-run-js,代码片段",JS
198,通过API一键发布文章到思源派,Fri Jul 19 2024 21:13:27 GMT+0000 (Coordinated Universal Time),HAN,#思源派,新闻
171,思源派在线编辑器插入行内代码及其他元素,Fri Jul 19 2024 00:57:44 GMT+0000 (Coordinated Universal Time),HAN,,开发
161,全局霞鹜文楷CSS片段，无需下载任何文件,Thu Jul 18 2024 23:54:31 GMT+0000 (Coordinated Universal Time),HAN,,CSS
158,数据库视图菜单的小改动,Thu Jul 18 2024 23:24:19 GMT+0000 (Coordinated Universal Time),Jeffrey Chen,菜单,CSS
156,搜索结果显示为多行,Thu Jul 18 2024 23:14:58 GMT+0000 (Coordinated Universal Time),Jeffrey Chen,搜索,CSS
152,改一下分割线，拯救你的眼睛（可以改颜色和粗细）,Thu Jul 18 2024 23:06:39 GMT+0000 (Coordinated Universal Time),Jeffrey Chen,编辑器,CSS
143,思源插件萌新开发者的部分解答（待更新？）,Thu Jul 18 2024 22:45:08 GMT+0000 (Coordinated Universal Time),zxhd86,"FAQ,开发",开发
142,思源笔记第三方同步 S3 手把手教程（七牛云）（2024.4.25）,Thu Jul 18 2024 22:41:53 GMT+0000 (Coordinated Universal Time),Jeffrey Chen,"S3,同步",开发
138,玩具向：思源的CRDT同步实现,Thu Jul 18 2024 22:32:59 GMT+0000 (Coordinated Universal Time),zxhd86,"代码片段,插件开发",开发
134,思源 Simple Paste 插件与 OnPaste 事件,Thu Jul 18 2024 22:06:53 GMT+0000 (Coordinated Universal Time),frostime,插件开发,内测
132,思源 js 应用程序示例库,Thu Jul 18 2024 20:59:02 GMT+0000 (Coordinated Universal Time),HAN,,JS
130,五分钟学会开发自己的挂件,Thu Jul 18 2024 20:42:46 GMT+0000 (Coordinated Universal Time),HAN,,开发
111,建议更改思源的默认字重,Thu Jul 18 2024 18:44:49 GMT+0000 (Coordinated Universal Time),frostime,,CSS
107,双链被 `[]` 包裹,Thu Jul 18 2024 18:03:37 GMT+0000 (Coordinated Universal Time),frostime,,CSS
104,(硬核向) 自制思源笔记微信收集箱搭建教程,Thu Jul 18 2024 17:46:44 GMT+0000 (Coordinated Universal Time),HAN,,开发
76,为你的插件添加 ChangeLog 功能,Thu Jul 18 2024 13:36:56 GMT+0000 (Coordinated Universal Time),frostime,,开发
52,【独家首发】汐洛的Github分支发布工作流分享,Thu Jul 18 2024 13:16:20 GMT+0000 (Coordinated Universal Time),soltus,"Github,Sillot,workflows",开发
691,思源插件开发 | 使用前端框架要小心内存泄漏风险 - 链滴,Thu Jul 18 2024 13:02:50 GMT+0000 (Coordinated Universal Time),frostime,"思源笔记,插件,插件开发",链滴优选
63,块引用样式 | 区分动态和静态锚文本,Thu Jul 18 2024 12:30:06 GMT+0000 (Coordinated Universal Time),烟火,代码片段,CSS
45,如何在 / 命令的回调函数中手动删除前面输入的命令,Thu Jul 18 2024 11:30:25 GMT+0000 (Coordinated Universal Time),frostime,插件开发,开发
655,【萌新教程】思源笔记使用七牛云 KODO 配置 S3 同步，超详细！ - 链滴,Wed Jul 17 2024 22:01:43 GMT+0000 (Coordinated Universal Time),muxue,"S3,同步,思源笔记,教程",链滴优选
1,思源派：定义你自己的思源笔记,Wed Jul 17 2024 21:10:03 GMT+0000 (Coordinated Universal Time),HAN,,新闻
653,魔改：从为知笔记（经典版）迁移所有笔记到思源 - 链滴,Wed Jul 17 2024 15:43:27 GMT+0000 (Coordinated Universal Time),gama,思源笔记,链滴优选
689,Callout 插件更新 v1.2.0：支持快速插入指定模式的 Callout - 链滴,Sat Jul 13 2024 20:27:47 GMT+0000 (Coordinated Universal Time),frostime,思源笔记,链滴优选
690,【插件开发者请注意】你的插件可能“意外”地无法在 docker 中运行 - 链滴,Thu Jul 11 2024 01:12:48 GMT+0000 (Coordinated Universal Time),frostime,思源笔记,链滴优选
692,插件开发者注意：请更新 github action - 链滴,Thu Jul 04 2024 21:38:09 GMT+0000 (Coordinated Universal Time),frostime,思源笔记,链滴优选
696,思源 Callout 插件 v1.0.0 发布，支持自定义样式 - 链滴,Sun Jun 02 2024 16:07:55 GMT+0000 (Coordinated Universal Time),frostime,思源笔记,链滴优选
654,如何进行知识管理丨 MOC：面向主题地去管理笔记链接 - 链滴,Sun May 12 2024 00:55:22 GMT+0000 (Coordinated Universal Time),Achuan-2,思源笔记,链滴优选
657,思源模板功能新人指南：模板语法 + 函数 + md 块语法 - 链滴,Tue May 07 2024 15:03:52 GMT+0000 (Coordinated Universal Time),frostime,思源笔记,链滴优选
695,思源模板功能新人指南：模板语法 + 函数 + md 块语法 - 链滴,Tue May 07 2024 15:03:52 GMT+0000 (Coordinated Universal Time),frostime,思源笔记,链滴优选
659,数据库进度条模板 - 链滴,Mon Apr 15 2024 18:38:26 GMT+0000 (Coordinated Universal Time),Undii,思源笔记,链滴优选
693,目前来看，最近的较稳定版本应该是 3.0.5 - 链滴,Thu Apr 11 2024 21:47:11 GMT+0000 (Coordinated Universal Time),frostime,思源笔记,链滴优选
660,【硬核】思源导出之 PDF 水印 - 链滴,Wed Apr 10 2024 16:30:33 GMT+0000 (Coordinated Universal Time),wwxiaoqi,思源笔记,链滴优选
662,思源笔记数据库使用新思路：谈自上而下管理与自下而上积累 - 链滴,Thu Apr 04 2024 21:05:33 GMT+0000 (Coordinated Universal Time),Achuan-2,思源笔记,链滴优选
665,第二次漫游：双链、xanadu 与渐进学习 - 链滴,Sun Mar 31 2024 16:08:58 GMT+0000 (Coordinated Universal Time),dammy,思源笔记,链滴优选
661,F 的分享 | 如何在思源中使用 KaTex 宏 - 链滴,Wed Mar 27 2024 15:46:35 GMT+0000 (Coordinated Universal Time),frostime,"KaTex,思源笔记",链滴优选
699,F 的分享 | 如何在思源中使用 KaTex 宏 - 链滴,Wed Mar 27 2024 15:46:35 GMT+0000 (Coordinated Universal Time),frostime,"KaTex,思源笔记",链滴优选
663,手机伺服经验帖汇总（持续更新） - 链滴,Sun Mar 24 2024 20:40:22 GMT+0000 (Coordinated Universal Time),openAI,思源笔记,链滴优选
668,思源渐进学习手册：双链与间隔重复系统 - 链滴,Thu Mar 21 2024 20:33:35 GMT+0000 (Coordinated Universal Time),dammy,思源笔记,链滴优选
724,闪卡功能改进的意见征求 - 链滴,Sat Mar 09 2024 14:12:19 GMT+0000 (Coordinated Universal Time),zxhd86,思源笔记,链滴优选
664,思源出现启动卡死、内核丢失的用户请注意！ - 链滴,Mon Mar 04 2024 00:31:14 GMT+0000 (Coordinated Universal Time),frostime,思源笔记,链滴优选
698,思源出现启动卡死、内核丢失的用户请注意！ - 链滴,Mon Mar 04 2024 00:31:14 GMT+0000 (Coordinated Universal Time),frostime,思源笔记,链滴优选
666,Notion 的本地平替！思源笔记 v3.0 发布! - 链滴,Wed Feb 21 2024 23:43:09 GMT+0000 (Coordinated Universal Time),Achuan-2,思源笔记,链滴优选
672,尽管不想扫兴，但我还是憋不住了！ - 链滴,Wed Feb 21 2024 20:04:49 GMT+0000 (Coordinated Universal Time),NishikigiReeves,思源笔记,链滴优选
669,数据库功能简介 - 链滴,Wed Feb 21 2024 13:26:57 GMT+0000 (Coordinated Universal Time),qiancang,思源笔记,链滴优选
667,基于思源笔记的写作、管理和分发流程 - 链滴,Thu Feb 15 2024 21:32:30 GMT+0000 (Coordinated Universal Time),submartingale,思源笔记,链滴优选
700,如何让 Defender 将思源加入排除项，以防止误杀 - 链滴,Thu Feb 08 2024 01:14:47 GMT+0000 (Coordinated Universal Time),frostime,思源笔记,链滴优选
670,基于渐进学习插件的思源笔记渐进阅读流程（已添加闪卡优先级、闪卡暂停） - 链滴,Sun Jan 07 2024 11:55:51 GMT+0000 (Coordinated Universal Time),QQQorange,"SuperMemo,思源笔记,闪卡,阅读",链滴优选
721,关于改进 database 新建和打开文档操作的改进提议 - 链滴,Tue Jan 02 2024 17:26:52 GMT+0000 (Coordinated Universal Time),zxhd86,思源笔记,链滴优选
701,思源 2.11.1 版本后，模板支持对星期的解析了 - 链滴,Tue Dec 05 2023 15:35:20 GMT+0000 (Coordinated Universal Time),frostime,思源笔记,链滴优选
703,思源 2.11.1 版本后对 daily note 的重要更新 - 链滴,Tue Dec 05 2023 15:31:06 GMT+0000 (Coordinated Universal Time),frostime,思源笔记,链滴优选
702,利用 CSS 代码片段限制块的高度 - 链滴,Tue Dec 05 2023 12:28:45 GMT+0000 (Coordinated Universal Time),frostime,思源笔记,链滴优选
671,五分钟学会开发自己的挂件 - 链滴,Mon Dec 04 2023 17:07:45 GMT+0000 (Coordinated Universal Time),muhanstudio,思源笔记,链滴优选
674,是否提供文档级“加密”以保护隐私？（含投票） - 链滴,Mon Nov 27 2023 17:22:00 GMT+0000 (Coordinated Universal Time),JeffreyChen,思源笔记,链滴优选
675,【代码片段分享】思源笔记用到现在积累的所有代码片段 - 链滴,Tue Nov 21 2023 15:32:13 GMT+0000 (Coordinated Universal Time),JeffreyChen,"代码,分享,思源笔记",链滴优选
722,是否需要自动清理过长时间的快照？ - 链滴,Thu Nov 09 2023 16:57:00 GMT+0000 (Coordinated Universal Time),zxhd86,"Q&amp;A,思源笔记",链滴优选
673,破除知识管理迷信 - 链滴,Thu Nov 09 2023 13:06:40 GMT+0000 (Coordinated Universal Time),NishikigiReeves,"思源笔记,知识管理",链滴优选
723,属性视图是否应用文档宽度比较好？ - 链滴,Wed Nov 08 2023 20:22:49 GMT+0000 (Coordinated Universal Time),zxhd86,"Q&amp;A,思源笔记",链滴优选
726,一个多行页签的 css - 链滴,Wed Nov 08 2023 00:35:25 GMT+0000 (Coordinated Universal Time),zxhd86,思源笔记,链滴优选
679,在思源笔记中实现渐进阅读 - 链滴,Sat Nov 04 2023 21:07:02 GMT+0000 (Coordinated Universal Time),NishikigiReeves,"思源笔记,阅读",链滴优选
677,(硬核向) 自制思源笔记微信收集箱搭建教程 - 链滴,Thu Oct 19 2023 07:49:04 GMT+0000 (Coordinated Universal Time),muhanstudio,思源笔记,链滴优选
707,Callout 插件上线 - 链滴,Wed Oct 18 2023 00:08:15 GMT+0000 (Coordinated Universal Time),frostime,思源笔记,链滴优选
676,思源笔记用户常见问题（11 月 6 日更新） - 链滴,Sat Oct 14 2023 14:53:18 GMT+0000 (Coordinated Universal Time),mozhu,思源笔记,链滴优选
704,随手分享一下本人基于思源 + 滴答清单的阅读 (学习) 工作流 - 链滴,Wed Oct 04 2023 17:42:45 GMT+0000 (Coordinated Universal Time),frostime,思源笔记,链滴优选
678,效率提升，万字的 chatgpt prompt 教程 - 链滴,Mon Oct 02 2023 19:29:29 GMT+0000 (Coordinated Universal Time),teacherQ,"ChatGPT,思源笔记",链滴优选
705,思源笔记关系图优化意见 - 链滴,Mon Oct 02 2023 17:58:46 GMT+0000 (Coordinated Universal Time),frostime,思源笔记,链滴优选
706,用 SQL 回忆一下自己使用思源的历程 - 链滴,Mon Sep 11 2023 01:12:29 GMT+0000 (Coordinated Universal Time),frostime,思源笔记,链滴优选
708,插件 Time logger 简介 - 链滴,Sun Sep 10 2023 11:21:52 GMT+0000 (Coordinated Universal Time),frostime,思源笔记,链滴优选
681,分享常用的思源笔记插件 - 链滴,Sat Sep 09 2023 08:39:54 GMT+0000 (Coordinated Universal Time),mozhu,思源笔记,链滴优选
727,高级子弹 \\ 聚焦打开 - 链滴,Wed Aug 16 2023 18:41:00 GMT+0000 (Coordinated Universal Time),zxhd86,思源笔记,链滴优选
684,想省大钱？思源笔记第三方同步 S3 手把手教程（使用七牛云对象存储 Kodo）（2024.4.25） - 链滴,Tue Aug 15 2023 16:54:38 GMT+0000 (Coordinated Universal Time),JeffreyChen,"S3,同步,思源笔记,教程",链滴优选
728,思源大纲笔记模式的性能测试 - 链滴,Sat Aug 05 2023 18:42:14 GMT+0000 (Coordinated Universal Time),zxhd86,思源笔记,链滴优选
710,在 2.9.5 版本更新后，主题悬浮提示条出现异常的看这里 - 链滴,Sun Jul 09 2023 22:45:39 GMT+0000 (Coordinated Universal Time),frostime,思源笔记,链滴优选
729,聚焦式文档树 - 链滴,Sun Jul 09 2023 11:26:05 GMT+0000 (Coordinated Universal Time),zxhd86,思源笔记,链滴优选
680,转移引用功能使用详解 - 链滴,Fri Jun 30 2023 00:59:30 GMT+0000 (Coordinated Universal Time),dammy,思源笔记,链滴优选
730,css 改进的聚焦模式 - 链滴,Sun Jun 25 2023 18:00:08 GMT+0000 (Coordinated Universal Time),zxhd86,思源笔记,链滴优选
709,【新主题 - 紫夜】第一次做主题，来论坛里宣传一下 - 链滴,Thu Jun 22 2023 10:41:22 GMT+0000 (Coordinated Universal Time),frostime,思源笔记,链滴优选
712,【思源新人指南】莫名其妙遇到锁定空间，提示「避免潜在的数据损坏」该怎么办 - 链滴,Sat May 20 2023 20:35:40 GMT+0000 (Coordinated Universal Time),frostime,思源笔记,链滴优选
731,思源 v2.8.8dev3 打开特定文档闪退 - 链滴,Mon May 15 2023 22:52:08 GMT+0000 (Coordinated Universal Time),zxhd86,思源笔记,链滴优选
738,配色插件发布！ - 链滴,Sun May 14 2023 20:03:37 GMT+0000 (Coordinated Universal Time),zxhd86,思源笔记,链滴优选
711,请问如何按照 DOM 中的顺序拿到一个标题块的子块？ - 链滴,Sat May 13 2023 17:43:43 GMT+0000 (Coordinated Universal Time),frostime,"Q&amp;A,思源笔记",链滴优选
682,思源编辑指南—①编辑元素篇 - 链滴,Sat May 13 2023 00:16:46 GMT+0000 (Coordinated Universal Time),mozhu,思源笔记,链滴优选
685,思源笔记同步指南 ( 更新 2.10.5 版本适用） - 链滴,Sun May 07 2023 01:47:47 GMT+0000 (Coordinated Universal Time),mozhu,思源笔记,链滴优选
686,思源 SQL 新人指南：SQL 语法 + Query + 模板 - 链滴,Sat May 06 2023 14:38:14 GMT+0000 (Coordinated Universal Time),frostime,思源笔记,链滴优选
713,思源 SQL 新人指南：SQL 语法 + Query + 模板 - 链滴,Sat May 06 2023 14:38:14 GMT+0000 (Coordinated Universal Time),frostime,思源笔记,链滴优选
732,2.8.6 云端快照回滚不能完全覆盖 - 链滴,Mon May 01 2023 13:01:49 GMT+0000 (Coordinated Universal Time),zxhd86,思源笔记,链滴优选
683,思源该怎么宣传？ - 链滴,Fri Apr 28 2023 21:32:59 GMT+0000 (Coordinated Universal Time),zxhd86,思源笔记,链滴优选
734,思源该怎么宣传？ - 链滴,Fri Apr 28 2023 21:32:59 GMT+0000 (Coordinated Universal Time),zxhd86,思源笔记,链滴优选
733,题头图链接带空格会出错 - 链滴,Tue Apr 25 2023 23:24:58 GMT+0000 (Coordinated Universal Time),zxhd86,思源笔记,链滴优选
736,花里胡哨的第四步，思源笔记美化超进化！字体自定义配色插件发布！ - 链滴,Tue Apr 25 2023 17:42:33 GMT+0000 (Coordinated Universal Time),zxhd86,思源笔记,链滴优选
735,2.8.6 dev2 云端快照不可见 - 链滴,Sun Apr 23 2023 09:59:57 GMT+0000 (Coordinated Universal Time),zxhd86,思源笔记,链滴优选
715,Github 上这个老外好热情啊，一己之力包下了大部分用户的 Issue - 链滴,Wed Apr 19 2023 11:14:43 GMT+0000 (Coordinated Universal Time),frostime,思源笔记,链滴优选
737,在思源中实现流式日记布局 - 链滴,Tue Apr 18 2023 23:33:14 GMT+0000 (Coordinated Universal Time),zxhd86,思源笔记,链滴优选
716,【喜报】恭喜插件系统即将招安 - 链滴,Thu Apr 13 2023 20:01:18 GMT+0000 (Coordinated Universal Time),frostime,思源笔记,链滴优选
741,史诗级更新，slide mode 插件 v0.0.2 发布！ - 链滴,Wed Apr 12 2023 21:30:55 GMT+0000 (Coordinated Universal Time),zxhd86,思源笔记,链滴优选
740,演示模式（ppt 放映）插件 v0.0.1 发布 - 链滴,Tue Apr 11 2023 00:27:00 GMT+0000 (Coordinated Universal Time),zxhd86,思源笔记,链滴优选
714,「CSS 代码片段」鼠标悬浮则显示块，移开则隐藏 - 链滴,Mon Apr 10 2023 00:31:02 GMT+0000 (Coordinated Universal Time),frostime,思源笔记,链滴优选
717,「代码片段」思源笔记如何任意调整编辑器宽度 - 链滴,Sun Apr 09 2023 19:58:39 GMT+0000 (Coordinated Universal Time),frostime,思源笔记,链滴优选
739,数学增强插件 0.0.6 更新，修复键盘布局，修复上下键移动 - 链滴,Sun Apr 02 2023 12:01:52 GMT+0000 (Coordinated Universal Time),zxhd86,思源笔记,链滴优选
743,数学增强插件发布，思源数学输入史诗级增强！ - 链滴,Fri Mar 31 2023 12:34:39 GMT+0000 (Coordinated Universal Time),zxhd86,思源笔记,链滴优选
742,闪卡增强插件 v0.0.2 发布 支持设置持久化 - 链滴,Sat Mar 18 2023 18:45:56 GMT+0000 (Coordinated Universal Time),zxhd86,思源笔记,链滴优选
745,闪卡增强插件 v0.0.1 发布 基于社区插件系统 - 链滴,Fri Mar 17 2023 22:34:25 GMT+0000 (Coordinated Universal Time),zxhd86,思源笔记,链滴优选
744,投票：是否支持思源移动端统一块菜单、块标菜单、文档菜单为半屏显示 - 链滴,Tue Mar 07 2023 18:39:07 GMT+0000 (Coordinated Universal Time),zxhd86,思源笔记,链滴优选
749,8.1 层功力 remnote 制卡，支持内置卡包制卡和移除 - 链滴,Tue Feb 28 2023 22:28:16 GMT+0000 (Coordinated Universal Time),zxhd86,思源笔记,链滴优选
746,8 层功力的 remnote 制卡 并多多一键制卡更新，支持列表项制卡，增加一键移除 - 链滴,Mon Feb 27 2023 21:55:41 GMT+0000 (Coordinated Universal Time),zxhd86,思源笔记,链滴优选
748,闪卡样式的改进样式分享（个人认为） - 链滴,Mon Feb 27 2023 12:38:09 GMT+0000 (Coordinated Universal Time),zxhd86,思源笔记,链滴优选
747,markdown 导入时不支持文档的任何链接吗？ - 链滴,Mon Feb 13 2023 19:06:04 GMT+0000 (Coordinated Universal Time),zxhd86,思源笔记,链滴优选
751,并夕夕版 文档树制卡 v0.5 支持直接获取路径和分屏 - 链滴,Wed Feb 08 2023 16:14:00 GMT+0000 (Coordinated Universal Time),zxhd86,思源笔记,链滴优选
750,pdd 版文档树制卡 v0.3，支持超级块和标记块制卡 - 链滴,Sat Feb 04 2023 20:10:01 GMT+0000 (Coordinated Universal Time),zxhd86,思源笔记,链滴优选
